Survived,Pclass,Sex,Age,SibSp,Parch,Fare,Family_size,Alone,Embarked_Q,Embarked_S
0,3,1,-0.5657364610748746,1,0,-0.512797473245395,2,0,0.0,1.0
1,1,0,0.6638610320657843,1,0,0.7787110681901361,2,0,0.0,0.0
1,3,0,-0.2583370877897099,0,0,-0.4991831777855486,1,1,0.0,1.0
1,1,0,0.4333115021019107,1,0,0.4119661516938024,2,0,0.0,1.0
0,3,1,0.4333115021019107,0,0,-0.49666201195965115,1,1,0.0,1.0
0,3,1,-0.10463740114712752,0,0,-0.4884268759059396,1,1,1.0,0.0
0,1,1,1.893458525206443,0,0,0.3870066100174172,1,1,0.0,1.0
0,3,1,-2.1027333275006983,3,1,-0.23395653290113325,5,0,0.0,1.0
1,3,0,-0.1814872444684187,0,2,-0.43447392723173345,3,0,0.0,1.0
1,2,0,-1.180535207645204,1,0,-0.05251730460826452,2,0,0.0,0.0
1,3,0,-1.949033640858116,1,1,-0.3221973368075452,3,0,0.0,1.0
1,1,0,2.200857898491608,0,0,-0.1235294697268234,1,1,0.0,1.0
0,3,1,-0.719436147717457,0,0,-0.49666201195965115,1,1,0.0,1.0
0,3,1,0.7407108753870755,1,5,-0.02822940150789851,7,0,0.0,1.0
0,3,0,-1.180535207645204,0,0,-0.500611166109337,1,1,0.0,1.0
1,2,0,1.9703083685277343,0,0,-0.33631586543257114,1,1,0.0,1.0
0,3,1,-2.1027333275006983,4,1,-0.07159345371333521,6,0,1.0,0.0
1,2,1,-0.10463740114712752,0,0,-0.39682384525411074,1,1,0.0,1.0
0,3,0,0.12591212881674602,1,0,-0.2959772122182114,2,0,0.0,1.0
1,3,0,-0.10463740114712752,0,0,-0.5133017064105745,1,1,0.0,0.0
0,2,1,0.4333115021019107,0,0,-0.13462259936077234,1,1,0.0,1.0
1,2,1,0.35646165878061953,0,0,-0.39682384525411074,1,1,0.0,1.0
1,3,0,-1.1036853643239128,0,0,-0.4970815339530805,1,1,1.0,0.0
1,1,1,-0.10463740114712752,0,0,0.05698600340743651,1,1,0.0,1.0
0,3,0,-1.6416342675729512,3,1,-0.23395653290113325,5,0,0.0,1.0
1,3,0,0.6638610320657843,1,5,-0.025960352264590758,7,0,0.0,1.0
0,3,1,-0.10463740114712752,0,0,-0.5133017064105745,1,1,0.0,0.0
0,1,1,-0.7962859910387481,3,2,4.645507806540859,6,0,0.0,1.0
1,3,0,-0.10463740114712752,0,0,-0.5001069329441574,1,1,1.0,0.0
0,3,1,-0.10463740114712752,0,0,-0.4997721221224783,1,1,0.0,1.0
0,1,1,0.8175607187083667,0,0,-0.09991522213513719,1,1,0.0,0.0
1,1,0,-0.10463740114712752,1,0,2.2962007787978327,2,0,0.0,0.0
1,3,0,-0.10463740114712752,0,0,-0.5027128099418051,1,1,1.0,0.0
0,2,1,2.8156566450619374,0,0,-0.4472471617720605,1,1,0.0,1.0
0,1,1,-0.10463740114712752,1,0,0.9983046116258072,2,0,0.0,0.0
0,1,1,0.9712604053509489,1,0,0.3897798924259045,2,0,0.0,1.0
1,3,1,-0.10463740114712752,0,0,-0.5132169952388245,1,1,0.0,0.0
0,3,1,-0.6425863043961658,0,0,-0.49666201195965115,1,1,0.0,1.0
0,3,0,-0.8731358343600393,2,0,-0.2959772122182114,3,0,0.0,1.0
1,3,0,-1.180535207645204,1,0,-0.4322875722275151,2,0,0.0,0.0
0,3,0,0.8175607187083667,1,0,-0.4679207215444198,2,0,0.0,1.0
0,2,0,-0.1814872444684187,1,0,-0.23546923239667172,2,0,0.0,1.0
0,3,1,-0.10463740114712752,0,0,-0.4997721221224783,1,1,0.0,0.0
1,2,0,-2.025883484179407,1,2,0.17959937371780443,4,0,0.0,0.0
1,3,0,-0.7962859910387481,0,0,-0.5001069329441574,1,1,1.0,0.0
0,3,1,-0.10463740114712752,0,0,-0.49666201195965115,1,1,0.0,1.0
0,3,1,-0.10463740114712752,1,0,-0.34640052873616106,2,0,1.0,0.0
1,3,0,-0.10463740114712752,0,0,-0.5027128099418051,1,1,1.0,0.0
0,3,1,-0.10463740114712752,2,0,-0.22177022576507513,3,0,0.0,0.0
0,3,0,-0.8731358343600393,1,0,-0.30001107753964734,2,0,0.0,1.0
0,3,1,-1.7184841108942424,4,1,0.14144505857500225,6,0,0.0,1.0
0,3,1,-0.6425863043961658,0,0,-0.5017043436114461,1,1,0.0,1.0
1,1,0,1.5092093085999871,1,0,0.8885512039601773,2,0,0.0,0.0
1,2,0,-0.027787557825836348,1,0,-0.13462259936077234,2,0,0.0,1.0
0,1,1,2.738806801740646,0,1,0.5910536365042739,2,0,0.0,0.0
1,1,1,-0.10463740114712752,0,0,0.05698600340743651,1,1,0.0,1.0
1,2,0,-0.6425863043961658,0,0,-0.4472471617720605,1,1,0.0,1.0
0,3,1,-0.06621247948648194,0,0,-0.5132169952388245,1,1,0.0,0.0
1,2,0,-1.8721837975368247,1,2,-0.09932627779820755,4,0,0.0,1.0
0,3,1,-1.4110847376090776,5,2,0.2869163267292871,8,0,0.0,1.0
0,3,1,-0.5657364610748746,0,0,-0.5132169952388245,1,1,0.0,0.0
1,1,0,0.6638610320657843,0,0,0.954521037426941,1,1,0.0,1.0
0,1,1,1.2018099353148226,1,0,1.024609447386891,2,0,0.0,1.0
0,3,1,-1.949033640858116,3,2,-0.09630087880713059,6,0,0.0,1.0
0,1,1,-0.10463740114712752,0,0,-0.09991522213513719,1,1,0.0,0.0
1,3,1,-0.10463740114712752,1,1,-0.3515275715597062,3,0,0.0,0.0
1,2,0,-0.027787557825836348,0,0,-0.4472471617720605,1,1,0.0,1.0
0,3,1,-0.7962859910387481,0,0,-0.49447767388809355,1,1,0.0,1.0
1,3,0,-0.9499856776813305,4,2,-0.4991831777855486,7,0,0.0,1.0
0,3,1,-0.2583370877897099,2,0,-0.48430829941275344,3,0,0.0,1.0
0,2,1,0.20276197213803718,0,0,-0.4472471617720605,1,1,0.0,1.0
0,3,0,-1.0268355210026217,5,2,0.2869163267292871,8,0,0.0,1.0
0,2,1,-0.6425863043961658,0,0,0.8234204144802719,1,1,0.0,1.0
0,3,1,-0.2583370877897099,1,0,-0.3674936105019498,2,0,0.0,0.0
1,3,1,0.20276197213803718,0,0,0.48045715098646385,1,1,0.0,1.0
0,3,1,-0.33518693111100106,0,0,-0.5047297426025231,1,1,0.0,1.0
0,3,1,-0.10463740114712752,0,0,-0.4997721221224783,1,1,0.0,1.0
0,3,1,-0.10463740114712752,0,0,-0.49666201195965115,1,1,0.0,1.0
1,2,1,-2.192647644186609,0,2,-0.0741146195392327,3,0,0.0,1.0
1,3,0,0.04906228549545483,0,0,-0.40741274172288017,1,1,0.0,1.0
0,3,1,-0.5657364610748746,0,0,-0.47750115168283025,1,1,0.0,1.0
1,3,1,-0.027787557825836348,0,0,-0.4674164883792403,1,1,0.0,1.0
1,3,0,-0.10463740114712752,0,0,-0.5019564601940358,1,1,1.0,0.0
0,1,1,-0.10463740114712752,0,0,0.29095019205072314,1,1,0.0,1.0
1,2,0,-0.9499856776813305,0,0,-0.4472471617720605,1,1,0.0,1.0
1,3,0,0.27961181545932834,3,0,-0.3393412644236481,4,0,0.0,1.0
0,3,1,-1.0268355210026217,1,3,0.03429551097435914,5,0,0.0,1.0
0,3,1,-0.10463740114712752,0,0,-0.49666201195965115,1,1,0.0,1.0
1,1,0,-0.48888661775358344,3,2,4.645507806540859,6,0,0.0,1.0
0,3,1,-0.41203677443229225,0,0,-0.49666201195965115,1,1,0.0,1.0
0,3,1,-0.027787557825836348,0,0,-0.49666201195965115,1,1,0.0,1.0
0,3,1,-0.719436147717457,0,0,-0.500611166109337,1,1,0.0,1.0
0,1,1,1.2786597786361138,1,0,0.5748334640467798,2,0,0.0,1.0
0,3,1,-0.2583370877897099,1,2,-0.2440411962047232,4,0,0.0,1.0
0,3,1,2.277707741812899,0,0,-0.512797473245395,1,1,0.0,1.0
0,3,1,-0.10463740114712752,0,0,-0.49666201195965115,1,1,0.0,1.0
0,1,1,3.1999058616683933,0,0,0.03992678696308383,1,1,0.0,0.0
1,1,1,-0.48888661775358344,0,1,0.6188691548282357,2,0,0.0,0.0
1,2,0,0.35646165878061953,0,1,-0.19513057918231197,2,0,0.0,1.0
0,2,1,0.35646165878061953,1,0,-0.13462259936077234,2,0,0.0,1.0
0,3,0,-0.10463740114712752,0,0,-0.4997721221224783,1,1,0.0,1.0
0,3,1,-0.10463740114712752,0,0,-0.4997721221224783,1,1,0.0,1.0
0,1,1,-0.6425863043961658,0,1,0.8998117390049656,2,0,0.0,1.0
0,3,1,0.27961181545932834,0,0,-0.4844757048235931,1,1,0.0,1.0
0,3,1,0.5870111887444931,2,0,-0.4991831777855486,3,0,0.0,1.0
0,3,1,-0.10463740114712752,0,0,-0.4997721221224783,1,1,0.0,1.0
1,3,0,-0.6425863043961658,0,0,-0.5047297426025231,1,1,0.0,1.0
1,3,1,-0.10463740114712752,0,0,-0.5022085767766257,1,1,0.0,1.0
0,3,1,0.6638610320657843,0,0,-0.4997721221224783,1,1,0.0,1.0
1,3,0,-0.10463740114712752,1,0,-0.17193585358405514,2,0,1.0,0.0
0,1,1,1.3555096219574048,0,0,0.3897798924259045,1,1,0.0,1.0
0,3,0,-1.1421102859845584,1,0,-0.3674936105019498,2,0,0.0,0.0
0,3,1,-0.5657364610748746,0,0,-0.49666201195965115,1,1,0.0,1.0
0,3,0,-0.719436147717457,1,0,-0.4608614572319069,2,0,0.0,1.0
0,3,0,-0.9499856776813305,0,0,-0.3674109162628603,1,1,0.0,0.0
0,3,1,-0.6425863043961658,0,0,-0.4991831777855486,1,1,0.0,1.0
0,3,1,3.1614809400077477,0,0,-0.5027128099418051,1,1,1.0,0.0
0,2,1,-0.027787557825836348,1,0,-0.23546923239667172,2,0,0.0,1.0
0,1,1,-0.41203677443229225,0,1,4.333302766123,2,0,0.0,0.0
0,3,0,-2.1027333275006983,4,2,-0.02822940150789851,7,0,0.0,1.0
0,2,1,-0.6425863043961658,2,0,0.8234204144802719,3,0,0.0,1.0
0,3,1,-0.10463740114712752,0,0,-0.49666201195965115,1,1,0.0,1.0
0,2,1,0.24118689379868277,1,0,-0.05251730460826452,2,0,0.0,0.0
1,2,0,0.24118689379868277,0,0,-0.39682384525411074,1,1,0.0,1.0
0,1,1,1.893458525206443,0,1,0.8998117390049656,2,0,0.0,1.0
1,3,1,-1.3342348942877864,1,0,-0.4322875722275151,2,0,0.0,0.0
0,3,1,-0.10463740114712752,0,0,-0.5027128099418051,1,1,1.0,0.0
1,3,1,-0.41203677443229225,0,0,-0.5149818113169526,1,1,0.0,1.0
1,3,0,-0.10463740114712752,1,1,-0.2080732360661393,3,0,0.0,0.0
0,3,1,1.2018099353148226,0,0,-0.5183440380623695,1,1,0.0,1.0
0,3,1,0.27961181545932834,0,0,-0.4997721221224783,1,1,0.0,0.0
0,3,1,-0.719436147717457,0,0,-0.5168313385668311,1,1,0.0,1.0
0,3,0,1.3555096219574048,1,0,-0.36656985534334097,2,0,0.0,1.0
1,2,0,-0.027787557825836348,1,0,-0.13462259936077234,2,0,0.0,1.0
0,2,1,-0.33518693111100106,0,0,-0.39682384525411074,1,1,0.0,1.0
0,2,1,-0.48888661775358344,0,0,-0.35556143688114217,1,1,0.0,0.0
1,1,0,-0.7962859910387481,0,2,-0.12890862913295828,3,0,0.0,1.0
0,1,1,0.5870111887444931,1,0,0.4119661516938024,2,0,0.0,1.0
0,3,1,-1.0268355210026217,0,0,-0.4731304586070544,1,1,0.0,1.0
0,1,1,-0.41203677443229225,0,0,0.9383855761411972,1,1,0.0,0.0
0,3,0,-0.10463740114712752,0,2,-0.3515275715597062,3,0,0.0,0.0
1,3,0,-0.5657364610748746,0,0,-0.5027128099418051,1,1,0.0,1.0
1,3,0,-0.41203677443229225,1,0,-0.3393412644236481,2,0,0.0,1.0
0,3,1,-0.7962859910387481,0,0,-0.522882136548985,1,1,1.0,0.0
0,2,1,-0.8731358343600393,0,0,-0.42707783516488057,1,1,0.0,1.0
0,2,1,-0.7962859910387481,1,1,0.08219766166641136,3,0,0.0,1.0
1,3,1,-0.1814872444684187,0,0,-0.5017890547831962,1,1,0.0,1.0
0,3,0,-1.56478442425166,2,2,0.03429551097435914,5,0,0.0,1.0
0,2,1,0.5485862670838475,0,2,-0.13462259936077234,3,0,0.0,1.0
0,2,1,0.9712604053509489,0,0,-0.39682384525411074,1,1,0.0,1.0
0,2,1,1.6629089952425695,0,0,-0.4064042753925212,1,1,0.0,1.0
1,1,0,-0.5657364610748746,1,0,0.6842520608907307,2,0,0.0,1.0
0,3,1,2.00873329018838,0,0,-0.49666201195965115,1,1,0.0,1.0
0,3,1,0.8559856403690123,0,2,-0.36656985534334097,3,0,0.0,1.0
0,3,1,-0.10463740114712752,0,0,-0.5115368903324463,1,1,0.0,1.0
0,1,1,1.6629089952425695,0,1,0.578952040539966,2,0,0.0,0.0
1,3,0,-1.0268355210026217,0,0,-0.5030496376961451,1,1,1.0,0.0
0,3,1,0.04906228549545483,0,0,-0.49666201195965115,1,1,0.0,1.0
0,3,1,-0.10463740114712752,0,0,-0.48430829941275344,1,1,0.0,1.0
0,3,1,-0.10463740114712752,8,2,0.7437515743819113,11,0,0.0,1.0
0,3,1,1.1249600919935314,0,1,-0.33429893277185313,2,0,0.0,1.0
1,2,0,0.8175607187083667,0,0,-0.3413581970843661,1,1,0.0,1.0
0,3,1,-0.2583370877897099,0,0,-0.5022085767766257,1,1,0.0,1.0
0,3,1,-0.9499856776813305,0,0,-0.48430829941275344,1,1,0.0,1.0
0,3,1,-2.1795831708219895,4,1,0.14144505857500225,6,0,0.0,1.0
1,3,1,-1.56478442425166,0,2,-0.2450496625350822,3,0,0.0,1.0
1,1,0,-0.10463740114712752,0,1,0.45028787224744415,2,0,0.0,1.0
0,3,0,1.2018099353148226,1,4,-0.09630087880713059,6,0,0.0,1.0
0,1,1,-0.10463740114712752,0,0,-0.13613529885631082,1,1,0.0,1.0
0,3,1,-0.10463740114712752,0,0,0.48045715098646385,1,1,0.0,1.0
0,1,1,2.4314074284554814,0,0,0.01664735019307675,1,1,0.0,1.0
0,3,1,-1.949033640858116,4,1,-0.07159345371333521,6,0,1.0,0.0
1,3,0,-2.1795831708219895,1,1,-0.43447392723173345,3,0,0.0,1.0
0,3,1,-0.6425863043961658,0,0,-0.4991831777855486,1,1,0.0,1.0
0,1,1,2.0471582118490255,0,0,-0.039911475478777096,1,1,0.0,0.0
0,3,1,-0.8731358343600393,1,1,-0.500611166109337,3,0,0.0,1.0
0,3,1,-0.10463740114712752,3,1,-0.1453789012403814,5,0,0.0,1.0
0,1,0,1.5860591519212783,0,0,-0.07991330093879695,1,1,0.0,0.0
0,2,1,0.04906228549545483,0,0,-0.39682384525411074,1,1,0.0,1.0
0,3,1,0.5101613454232019,0,0,-0.49666201195965115,1,1,0.0,1.0
0,3,0,-0.10463740114712752,8,2,0.7437515743819113,11,0,0.0,1.0
0,2,1,-0.10463740114712752,0,0,-0.355476725709392,1,1,0.0,0.0
0,3,1,-1.56478442425166,4,2,-0.025960352264590758,7,0,0.0,1.0
1,2,1,-2.1795831708219895,2,1,0.1275786465325661,4,0,0.0,1.0
1,3,0,-1.949033640858116,0,2,-0.21479567262431237,3,0,0.0,1.0
0,1,1,-0.10463740114712752,0,0,0.34944123921154474,1,1,0.0,1.0
1,3,0,-0.10463740114712752,1,0,-0.34640052873616106,2,0,1.0,0.0
1,1,1,1.2018099353148226,0,0,-0.1235294697268234,1,1,0.0,1.0
0,3,1,0.8175607187083667,1,1,-0.34640052873616106,3,0,1.0,0.0
0,3,1,0.5101613454232019,0,0,-0.4997721221224783,1,1,0.0,1.0
1,2,0,0.20276197213803718,0,0,-0.39682384525411074,1,1,0.0,1.0
0,2,1,-0.7962859910387481,0,0,-0.39682384525411074,1,1,0.0,1.0
1,3,0,-0.7962859910387481,1,0,-0.500611166109337,2,0,0.0,1.0
1,2,1,-2.025883484179407,1,1,-0.13462259936077234,3,0,0.0,1.0
1,1,0,1.1249600919935314,0,0,-0.09991522213513719,1,1,0.0,0.0
1,1,0,2.200857898491608,0,0,2.2962007787978327,1,1,0.0,0.0
0,3,1,-0.10463740114712752,0,0,-0.5027128099418051,1,1,1.0,0.0
0,3,1,0.9712604053509489,0,1,-0.48951803647538805,2,0,0.0,1.0
1,3,0,-0.10463740114712752,0,0,-0.5027128099418051,1,1,1.0,0.0
0,2,0,-0.41203677443229225,0,0,-0.39682384525411074,1,1,0.0,1.0
0,3,1,-0.10463740114712752,0,0,-0.4674164883792403,1,1,0.0,1.0
0,3,1,-0.10463740114712752,8,2,0.7437515743819113,11,0,0.0,1.0
0,3,1,0.35646165878061953,0,0,-0.5280091793725301,1,1,0.0,1.0
0,3,1,1.2402348569754682,0,0,-0.5133017064105745,1,1,0.0,0.0
1,3,1,-0.8731358343600393,0,0,-0.49666201195965115,1,1,0.0,1.0
0,3,0,-2.1027333275006983,0,1,-0.4480035115198297,2,0,0.0,1.0
0,3,1,0.20276197213803718,1,0,-0.3393412644236481,2,0,0.0,1.0
1,3,1,-0.2583370877897099,0,0,-0.28009386751505716,1,1,0.0,0.0
1,3,0,-1.0268355210026217,0,0,-0.5027128099418051,1,1,1.0,0.0
1,1,1,0.8175607187083667,0,0,-0.033775966324872946,1,1,0.0,0.0
0,3,1,-0.41203677443229225,0,0,-0.5168313385668311,1,1,0.0,1.0
1,2,0,0.4333115021019107,0,0,-0.23546923239667172,1,1,0.0,1.0
0,3,1,-0.5657364610748746,0,0,-0.512797473245395,1,1,0.0,1.0
0,2,1,0.04906228549545483,0,0,-0.39682384525411074,1,1,0.0,1.0
0,3,1,-0.10463740114712752,1,0,-0.5027128099418051,2,0,1.0,0.0
1,1,0,0.12591212881674602,1,0,1.6256553802808518,2,0,0.0,0.0
1,3,0,-0.1814872444684187,0,0,-0.4991831777855486,1,1,0.0,1.0
0,2,1,0.9712604053509489,1,0,-0.11445327275359246,2,0,0.0,1.0
1,1,0,0.20276197213803718,0,0,0.8797271235695361,1,1,0.0,0.0
0,2,1,0.04906228549545483,0,0,-0.4472471617720605,1,1,0.0,1.0
1,3,1,-1.0268355210026217,0,0,-0.49666201195965115,1,1,0.0,1.0
0,2,1,-0.1814872444684187,0,0,-0.39682384525411074,1,1,0.0,1.0
0,3,1,1.6629089952425695,0,0,-0.49666201195965115,1,1,0.0,1.0
0,3,1,-0.10463740114712752,0,0,-0.4997721221224783,1,1,0.0,1.0
1,1,1,0.6638610320657843,1,0,1.1562143034987398,2,0,0.0,1.0
0,3,1,-0.5657364610748746,0,0,-0.4704418873703173,1,1,0.0,1.0
1,2,1,-0.7962859910387481,0,0,-0.4472471617720605,1,1,0.0,1.0
0,3,1,-0.6810112260568114,0,0,-0.512797473245395,1,1,0.0,1.0
0,2,1,-0.8731358343600393,0,0,-0.39682384525411074,1,1,0.0,1.0
0,3,0,-0.10463740114712752,3,1,-0.1453789012403814,5,0,0.0,1.0
1,1,0,0.4333115021019107,1,0,1.024609447386891,2,0,0.0,1.0
0,3,1,-0.027787557825836348,0,0,-0.5022085767766257,1,1,0.0,1.0
0,2,1,2.277707741812899,0,0,-0.3867391819505208,1,1,0.0,1.0
1,3,0,-1.8721837975368247,4,2,-0.025960352264590758,7,0,0.0,1.0
0,2,1,-0.41203677443229225,0,0,-0.4472471617720605,1,1,0.0,1.0
0,3,0,-0.10463740114712752,0,0,-0.5067466752632411,1,1,0.0,1.0
0,2,1,1.1249600919935314,1,0,-0.13462259936077234,2,0,0.0,1.0
1,2,0,-1.6416342675729512,0,2,-0.12958026770897738,3,0,0.0,1.0
0,2,1,-0.7962859910387481,0,0,-0.4472471617720605,1,1,0.0,1.0
0,2,1,0.27961181545932834,0,0,-0.4114466070443162,1,1,0.0,1.0
0,3,0,-0.10463740114712752,1,0,-0.3674936105019498,2,0,0.0,0.0
1,3,0,-0.10463740114712752,1,0,-0.34640052873616106,2,0,1.0,0.0
0,2,1,-0.027787557825836348,0,0,-0.4472471617720605,1,1,0.0,1.0
0,3,1,-0.5657364610748746,0,0,-0.5153186390712925,1,1,0.0,1.0
0,3,1,0.04906228549545483,0,0,-0.5133017064105745,1,1,0.0,0.0
0,1,1,1.1249600919935314,2,0,1.1562143034987398,3,0,1.0,0.0
0,3,0,-0.33518693111100106,0,0,-0.5022085767766257,1,1,0.0,1.0
1,2,0,-0.41203677443229225,0,2,-0.36656985534334097,3,0,0.0,1.0
1,1,1,0.5870111887444931,1,1,0.4009577332316036,3,0,0.0,1.0
0,2,1,1.893458525206443,1,0,-0.13462259936077234,2,0,0.0,1.0
0,3,1,-0.10463740114712752,0,0,-0.512797473245395,1,1,0.0,1.0
0,3,0,-0.027787557825836348,1,1,-0.4480035115198297,3,0,0.0,1.0
0,1,1,2.5082572717767726,0,0,-0.1235294697268234,1,1,0.0,1.0
0,3,1,0.04906228549545483,1,0,-0.33429893277185313,2,0,0.0,1.0
0,3,0,0.8944105620296577,0,2,-0.2513525770998259,3,0,0.0,1.0
1,3,0,-0.027787557825836348,0,2,-0.3515275715597062,3,0,0.0,0.0
1,1,0,-0.10463740114712752,0,0,0.9383855761411972,1,1,0.0,0.0
1,1,0,0.04906228549545483,0,0,1.0856216603736104,1,1,0.0,1.0
1,1,0,0.4333115021019107,0,0,9.674309874047733,1,1,0.0,0.0
1,2,0,1.5860591519212783,0,1,-0.13462259936077234,2,0,0.0,1.0
0,3,1,-0.10463740114712752,0,0,-0.5027128099418051,1,1,1.0,0.0
1,3,1,-2.025883484179407,4,2,-0.025960352264590758,7,0,0.0,1.0
0,1,1,1.7397588385638607,1,1,0.9474617731144283,3,0,0.0,1.0
0,1,1,0.8175607187083667,0,0,0.5569331866829076,1,1,0.0,1.0
0,3,0,-0.10463740114712752,0,0,-0.5027128099418051,1,1,1.0,0.0
0,2,1,0.5101613454232019,0,0,-0.4472471617720605,1,1,0.0,1.0
0,3,1,-1.0268355210026217,4,1,0.14144505857500225,6,0,0.0,1.0
1,3,1,-0.33518693111100106,1,0,-0.5022085767766257,2,0,0.0,1.0
1,1,0,2.200857898491608,0,1,2.436210193306893,2,0,0.0,1.0
1,1,0,0.4333115021019107,0,0,2.0766072353621614,1,1,0.0,1.0
0,1,1,-0.10463740114712752,0,0,-0.033775966324872946,1,1,0.0,1.0
1,3,1,-0.33518693111100106,0,0,-0.49666201195965115,1,1,0.0,1.0
1,2,0,0.8944105620296577,0,1,-0.26572322230744155,2,0,0.0,1.0
0,1,1,0.5870111887444931,0,1,-0.0599960909142068,2,0,0.0,0.0
1,3,0,-0.10463740114712752,0,0,-0.5027128099418051,1,1,1.0,0.0
1,1,0,2.585107115098064,1,0,0.9133413232930618,2,0,0.0,1.0
0,3,0,1.2018099353148226,0,0,-0.5027128099418051,1,1,0.0,1.0
0,2,1,-0.10463740114712752,0,0,-0.37161218699513593,1,1,0.0,1.0
0,3,1,-1.7184841108942424,4,1,-0.07159345371333521,6,0,1.0,0.0
1,3,0,0.4333115021019107,1,1,-0.25059622735205667,3,0,0.0,1.0
0,3,1,2.738806801740646,0,0,-0.5027128099418051,1,1,1.0,0.0
0,3,1,-0.10463740114712752,0,0,-0.500611166109337,1,1,0.0,1.0
0,3,1,-1.0268355210026217,0,0,-0.4674164883792403,1,1,0.0,1.0
1,3,1,-0.7962859910387481,0,0,-0.49666201195965115,1,1,0.0,1.0
0,1,1,-0.10463740114712752,0,0,-0.13462259936077234,1,1,0.0,1.0
0,3,1,0.27961181545932834,0,0,-0.48430829941275344,1,1,0.0,0.0
1,3,1,0.04906228549545483,0,0,-0.4674164883792403,1,1,0.0,1.0
0,3,1,-0.5657364610748746,0,0,-0.4997721221224783,1,1,0.0,1.0
1,2,1,0.9712604053509489,0,0,-0.39682384525411074,1,1,0.0,1.0
1,3,0,-0.5657364610748746,0,0,-0.5027128099418051,1,1,1.0,0.0
1,1,0,-0.2583370877897099,0,0,0.9313263118286841,1,1,0.0,1.0
1,1,0,-0.7962859910387481,1,0,1.1779810407732083,2,0,0.0,0.0
0,2,1,0.5101613454232019,0,0,-0.39934501108000825,1,1,0.0,0.0
0,3,0,-0.41203677443229225,0,0,-0.4805265506739072,1,1,0.0,1.0
0,3,1,-0.41203677443229225,0,0,-0.4997721221224783,1,1,0.0,1.0
0,1,1,-0.10463740114712752,0,0,-0.09991522213513719,1,1,0.0,0.0
0,3,1,-0.45046169609293785,0,0,-0.5132169952388245,1,1,0.0,0.0
0,1,0,-2.1027333275006983,1,2,2.3976363561706617,4,0,0.0,1.0
1,1,1,-0.10463740114712752,0,0,-0.043860629628462884,1,1,0.0,1.0
1,1,0,1.5860591519212783,0,1,4.333302766123,2,0,0.0,0.0
1,3,0,-0.10463740114712752,0,0,-0.5027128099418051,1,1,1.0,0.0
1,3,1,-0.10463740114712752,2,0,-0.190088247530517,3,0,1.0,0.0
0,3,1,-0.7962859910387481,0,0,-0.49666201195965115,1,1,0.0,1.0
1,2,0,-0.10463740114712752,0,0,-0.4099339075487777,1,1,1.0,0.0
0,3,1,-0.10463740114712752,0,0,-0.49666201195965115,1,1,0.0,1.0
1,1,1,-2.1857311582876924,1,2,2.3976363561706617,4,0,0.0,1.0
1,1,0,-0.10463740114712752,0,0,1.5774164018344594,1,1,0.0,0.0
1,1,0,-0.9499856776813305,1,0,1.5374145763744398,2,0,0.0,0.0
0,2,1,0.04906228549545483,1,0,-0.1749612525751321,2,0,0.0,0.0
1,1,0,0.04906228549545483,0,0,0.4891985371380156,1,1,0.0,0.0
1,1,0,-0.41203677443229225,0,0,1.0182218216503973,1,1,0.0,0.0
1,1,0,-0.8731358343600393,2,2,4.632901977411372,5,0,0.0,0.0
0,2,0,-0.2583370877897099,1,1,-0.13462259936077234,3,0,0.0,1.0
0,3,1,-0.10463740114712752,0,0,-0.4997721221224783,1,1,0.0,1.0
0,2,1,1.0481102486722402,1,1,-0.12958026770897738,3,0,0.0,1.0
1,3,0,-0.2583370877897099,0,0,-0.500611166109337,1,1,0.0,1.0
1,2,0,-0.41203677443229225,1,0,-0.13462259936077234,2,0,0.0,1.0
0,2,1,1.893458525206443,0,0,-0.3766545186469309,1,1,0.0,1.0
1,1,0,0.12591212881674602,0,2,2.666225227800494,3,0,0.0,1.0
1,1,0,0.8175607187083667,1,1,2.0537493375182447,3,0,0.0,0.0
0,3,1,-0.5657364610748746,0,0,-0.512797473245395,1,1,0.0,1.0
0,3,1,-0.1814872444684187,0,0,-0.4997721221224783,1,1,0.0,1.0
1,2,0,0.04906228549545483,0,0,-0.4099339075487777,1,1,1.0,0.0
1,2,0,-0.5657364610748746,1,1,-0.0741146195392327,3,0,0.0,1.0
0,3,1,-0.10463740114712752,8,2,0.7437515743819113,11,0,0.0,1.0
1,1,0,0.5101613454232019,0,0,2.0766072353621614,1,1,0.0,0.0
0,3,1,2.4314074284554814,0,0,-0.5332189164351647,1,1,0.0,1.0
1,2,0,0.5101613454232019,0,0,-0.39682384525411074,1,1,0.0,1.0
1,3,0,0.12591212881674602,1,1,-0.2450496625350822,3,0,0.0,1.0
1,1,0,-1.0268355210026217,0,1,0.5103763300755544,2,0,0.0,0.0
1,3,0,-0.10463740114712752,2,0,-0.190088247530517,3,0,1.0,0.0
0,1,1,1.2402348569754682,0,0,-0.08419928284282265,1,1,0.0,1.0
0,1,1,0.6638610320657843,0,1,2.436210193306893,2,0,0.0,1.0
0,3,1,-1.0268355210026217,2,0,-0.2959772122182114,3,0,0.0,1.0
1,1,0,-0.10463740114712752,1,0,2.036605409902142,2,0,0.0,1.0
0,3,1,-0.10463740114712752,0,0,-0.4997721221224783,1,1,0.0,1.0
0,1,1,-0.027787557825836348,1,0,0.6842520608907307,2,0,0.0,1.0
1,1,0,0.8944105620296577,0,0,2.0537493375182447,1,1,0.0,0.0
1,3,1,1.2018099353148226,0,0,-0.49666201195965115,1,1,0.0,1.0
0,1,1,1.2018099353148226,0,0,0.05698600340743651,1,1,0.0,1.0
1,2,1,-2.1027333275006983,1,1,-0.13462259936077234,3,0,0.0,1.0
1,1,0,-0.41203677443229225,3,2,4.645507806540859,6,0,0.0,1.0
0,2,1,-0.10463740114712752,0,0,-0.39682384525411074,1,1,0.0,1.0
0,2,1,-0.33518693111100106,0,0,-0.39682384525411074,1,1,0.0,1.0
0,2,1,0.5101613454232019,0,0,-0.39682384525411074,1,1,0.0,1.0
1,2,0,-0.41203677443229225,0,0,-0.39682384525411074,1,1,0.0,1.0
1,2,0,0.8175607187083667,0,0,-0.39682384525411074,1,1,0.0,1.0
1,3,0,-0.10463740114712752,1,0,-0.33429893277185313,2,0,0.0,1.0
1,3,1,-2.025883484179407,1,1,-0.33833279809328914,3,0,0.0,1.0
0,3,1,0.9712604053509489,0,0,-0.48430829941275344,1,1,0.0,1.0
0,3,1,-0.48888661775358344,0,0,-0.4729630531962148,1,1,0.0,1.0
0,1,1,-0.10463740114712752,0,0,0.04690134010384657,1,1,0.0,1.0
0,3,1,-1.1036853643239128,1,1,-0.5132169952388245,3,0,0.0,0.0
0,3,1,-0.33518693111100106,1,0,-0.30001107753964734,2,0,0.0,1.0
0,3,1,-0.10463740114712752,0,0,-0.5133017064105745,1,1,0.0,0.0
0,3,1,-0.10463740114712752,0,0,-0.4674164883792403,1,1,0.0,1.0
1,1,0,-0.5657364610748746,0,1,0.45028787224744415,2,0,0.0,1.0
0,2,0,0.6638610320657843,0,0,-0.39682384525411074,1,1,0.0,1.0
1,3,0,-0.10463740114712752,0,0,-0.5001069329441574,1,1,1.0,0.0
1,3,0,-0.10463740114712752,0,0,-0.5001069329441574,1,1,1.0,0.0
0,3,1,0.8175607187083667,1,4,-0.09630087880713059,6,0,0.0,1.0
0,2,1,-0.027787557825836348,1,0,-0.09991522213513719,2,0,0.0,0.0
0,3,0,1.2018099353148226,0,1,-0.3674936105019498,2,0,0.0,0.0
0,3,1,0.4333115021019107,0,0,-0.5168313385668311,1,1,0.0,1.0
0,3,1,-0.10463740114712752,1,0,-0.34640052873616106,2,0,1.0,0.0
0,3,1,0.04906228549545483,0,0,-0.512797473245395,1,1,0.0,1.0
1,1,0,2.3545575851341902,1,0,0.8587167360428367,2,0,0.0,0.0
1,3,0,-0.10463740114712752,0,0,-0.5132169952388245,1,1,0.0,0.0
1,3,0,-0.10463740114712752,0,0,-0.5027128099418051,1,1,1.0,0.0
1,1,0,-0.41203677443229225,0,0,0.7387092427301163,1,1,0.0,0.0
1,1,1,-0.33518693111100106,1,0,0.4591966638098354,2,0,0.0,0.0
0,3,1,-0.8731358343600393,1,0,-0.5280091793725301,2,0,0.0,1.0
0,3,1,-0.7962859910387481,0,0,-0.49666201195965115,1,1,0.0,1.0
0,1,1,-0.5657364610748746,0,0,2.0766072353621614,1,1,0.0,0.0
0,3,0,-2.025883484179407,3,1,-0.23395653290113325,5,0,0.0,1.0
1,1,0,-0.10463740114712752,1,0,0.9983046116258072,2,0,0.0,0.0
1,3,0,-0.5657364610748746,0,0,-0.512797473245395,1,1,0.0,1.0
0,1,1,-0.1814872444684187,0,2,3.606787486271095,3,0,0.0,0.0
0,3,1,-0.719436147717457,0,0,-0.5780956681361399,1,1,0.0,0.0
0,3,1,-0.7962859910387481,0,0,-0.5022085767766257,1,1,0.0,1.0
1,1,0,0.9712604053509489,0,0,3.930000945151153,1,1,0.0,0.0
1,3,0,-2.1795831708219895,0,2,-0.34152560249520564,3,0,0.0,0.0
0,3,1,0.20276197213803718,0,0,-0.4991831777855486,1,1,0.0,1.0
1,1,0,0.4333115021019107,1,0,0.3897798924259045,2,0,0.0,1.0
0,3,1,-0.10463740114712752,0,0,-0.4997721221224783,1,1,0.0,1.0
0,2,1,-0.8731358343600393,0,0,0.8234204144802719,1,1,0.0,1.0
0,3,1,-2.1795831708219895,5,2,0.2869163267292871,8,0,0.0,1.0
1,2,0,0.5101613454232019,0,0,-0.39682384525411074,1,1,0.0,1.0
0,3,1,-0.10463740114712752,0,0,-0.5031323319352344,1,1,1.0,0.0
1,2,0,-0.9499856776813305,0,0,-0.41699317186129065,1,1,0.0,0.0
1,1,1,0.5101613454232019,1,2,1.7612941017141364,4,0,0.0,1.0
1,3,1,-0.6425863043961658,0,0,-0.5017890547831962,1,1,0.0,1.0
0,3,1,-0.10463740114712752,2,0,-0.4991831777855486,3,0,0.0,1.0
1,1,0,-0.48888661775358344,1,0,1.6256553802808518,2,0,0.0,0.0
1,3,0,-0.41203677443229225,0,2,-0.3221973368075452,3,0,0.0,1.0
0,3,1,-0.5657364610748746,0,0,-0.5017890547831962,1,1,0.0,1.0
0,3,0,0.12591212881674602,0,0,-0.500611166109337,1,1,0.0,1.0
0,2,1,1.2786597786361138,0,0,-0.13462259936077234,1,1,0.0,1.0
0,2,1,-0.48888661775358344,0,0,-0.4472471617720605,1,1,0.0,1.0
1,2,0,-0.10463740114712752,0,0,-0.40388310956662377,1,1,0.0,1.0
1,3,1,0.7407108753870755,0,0,-0.4991831777855486,1,1,0.0,1.0
0,3,1,-0.2583370877897099,0,0,-0.49666201195965115,1,1,0.0,1.0
0,3,0,-0.6425863043961658,1,0,-0.4608614572319069,2,0,0.0,1.0
0,3,1,-0.10463740114712752,1,0,-0.3393412644236481,2,0,0.0,1.0
0,3,0,-0.719436147717457,0,0,-0.48430829941275344,1,1,0.0,1.0
0,2,1,0.35646165878061953,1,0,-0.23546923239667172,2,0,0.0,1.0
0,3,1,1.6629089952425695,0,0,-0.5027128099418051,1,1,0.0,1.0
1,2,1,-2.025883484179407,1,1,-0.28085021726282644,3,0,0.0,1.0
0,3,1,-0.6425863043961658,0,0,-0.5022085767766257,1,1,0.0,1.0
0,3,0,-0.10463740114712752,3,1,-0.1453789012403814,5,0,0.0,1.0
0,3,1,-0.10463740114712752,0,0,-0.4997721221224783,1,1,0.0,1.0
0,3,1,-0.10463740114712752,0,0,-0.5206977984774274,1,1,1.0,0.0
1,1,0,0.27961181545932834,1,0,1.1562143034987398,2,0,1.0,0.0
0,2,1,-0.10463740114712752,0,0,-0.37161218699513593,1,1,0.0,1.0
1,3,1,1.1249600919935314,0,0,-0.4991831777855486,1,1,0.0,1.0
0,3,0,-0.10463740114712752,0,0,-0.49666201195965115,1,1,0.0,1.0
1,2,0,0.35646165878061953,1,1,-0.003521976414103128,3,0,0.0,1.0
1,2,0,-0.8731358343600393,0,2,-0.39682384525411074,3,0,0.0,1.0
0,2,1,0.04906228549545483,0,0,-0.39682384525411074,1,1,0.0,1.0
0,3,0,-1.4879345809303688,0,2,-0.17193585358405514,3,0,0.0,1.0
0,3,1,-0.10463740114712752,0,0,-0.4997721221224783,1,1,0.0,0.0
0,3,1,-0.6425863043961658,0,0,-0.5030496376961451,1,1,1.0,0.0
0,3,1,-0.027787557825836348,0,0,-0.5001916441159077,1,1,0.0,1.0
0,3,0,-0.10463740114712752,1,1,-0.368586788004059,3,0,0.0,1.0
0,3,1,-0.8731358343600393,1,1,-0.2513525770998259,3,0,0.0,1.0
0,3,1,-0.10463740114712752,0,0,-0.512797473245395,1,1,0.0,1.0
1,2,0,-0.10463740114712752,1,0,-0.13462259936077234,2,0,0.0,1.0
1,2,0,-0.7962859910387481,0,0,-0.13462259936077234,1,1,0.0,1.0
0,3,1,-0.10463740114712752,0,0,-0.5027128099418051,1,1,1.0,0.0
1,3,1,0.20276197213803718,0,0,-0.49666201195965115,1,1,0.0,1.0
1,1,1,-0.10463740114712752,0,0,-0.1235294697268234,1,1,0.0,1.0
1,3,0,-0.10463740114712752,1,0,-0.33429893277185313,2,0,0.0,1.0
1,2,0,0.9712604053509489,1,0,-0.13462259936077234,2,0,0.0,1.0
0,3,1,-0.9499856776813305,0,0,-0.5153186390712925,1,1,0.0,1.0
0,1,1,1.5860591519212783,1,0,0.468440266193906,2,0,0.0,1.0
1,1,0,-1.180535207645204,1,2,1.7612941017141364,4,0,0.0,1.0
0,3,0,-0.6425863043961658,2,2,0.03429551097435914,5,0,0.0,1.0
1,2,0,-0.41203677443229225,2,3,-0.28085021726282644,6,0,0.0,1.0
0,1,1,2.661956958419355,1,4,4.645507806540859,6,0,0.0,1.0
0,2,1,0.12591212881674602,0,0,-0.4472471617720605,1,1,0.0,1.0
1,2,0,1.2018099353148226,1,1,-0.12958026770897738,3,0,0.0,1.0
0,3,1,-0.719436147717457,0,0,-0.4674164883792403,1,1,0.0,1.0
0,3,1,-0.33518693111100106,1,0,-0.5022085767766257,2,0,0.0,1.0
1,2,0,-0.10463740114712752,0,0,-0.39682384525411074,1,1,0.0,1.0
1,3,1,-0.10463740114712752,0,0,-0.4954014290467024,1,1,0.0,1.0
1,1,1,-1.949033640858116,0,2,0.9920016970610634,3,0,0.0,1.0
1,2,0,-1.2573850509664952,0,1,-0.26572322230744155,2,0,0.0,1.0
1,1,1,0.35646165878061953,0,0,-0.1235294697268234,1,1,0.0,1.0
1,3,0,-1.8721837975368247,2,1,-0.270598148548397,4,0,0.0,0.0
1,1,1,1.7397588385638607,0,0,-0.043860629628462884,1,1,0.0,1.0
0,2,1,0.5101613454232019,1,2,-0.09932627779820755,4,0,0.0,1.0
0,3,1,-0.10463740114712752,1,0,-0.2563101975798707,2,0,0.0,1.0
0,1,1,0.04906228549545483,0,0,-0.09932627779820755,1,1,0.0,0.0
1,1,1,1.5092093085999871,1,0,1.1381466207240283,2,0,0.0,0.0
0,3,1,-0.10463740114712752,0,0,-0.49666201195965115,1,1,0.0,1.0
1,3,1,-0.027787557825836348,0,0,-0.4997721221224783,1,1,0.0,0.0
0,1,1,2.738806801740646,0,0,-0.1235294697268234,1,1,0.0,1.0
1,1,0,-0.10463740114712752,1,0,0.3870066100174172,2,0,0.0,1.0
1,2,0,1.5860591519212783,0,0,-0.4472471617720605,1,1,0.0,1.0
0,3,1,-0.10463740114712752,0,0,-0.5027128099418051,1,1,1.0,0.0
1,1,1,1.432359465278696,0,0,-0.1235294697268234,1,1,0.0,1.0
0,3,1,0.35646165878061953,0,0,-0.49666201195965115,1,1,0.0,1.0
0,1,1,1.3555096219574048,0,0,0.11749398322897614,1,1,0.0,1.0
0,2,1,1.432359465278696,0,0,-0.39682384525411074,1,1,0.0,1.0
0,3,1,-0.10463740114712752,0,0,-0.49666201195965115,1,1,0.0,1.0
0,3,1,0.6638610320657843,0,0,-0.5168313385668311,1,1,0.0,1.0
0,2,1,-0.10463740114712752,0,0,-0.37161218699513593,1,1,0.0,1.0
0,1,1,2.0471582118490255,0,0,-0.1235294697268234,1,1,0.0,1.0
0,3,1,-0.10463740114712752,0,0,-0.5032170431069846,1,1,1.0,0.0
1,3,0,-2.1987956316523123,2,1,-0.270598148548397,4,0,0.0,0.0
0,3,1,-0.10463740114712752,0,0,-0.512797473245395,1,1,0.0,1.0
0,3,1,0.6638610320657843,0,0,-0.48430829941275344,1,1,0.0,1.0
1,2,0,0.27961181545932834,1,2,-0.09932627779820755,4,0,0.0,1.0
1,2,0,-0.48888661775358344,0,0,-0.3808557893792065,1,1,0.0,0.0
0,3,0,-0.5657364610748746,0,0,-0.46060934064931713,1,1,0.0,1.0
0,1,1,-0.10463740114712752,0,0,0.3897798924259045,1,1,0.0,1.0
0,2,1,0.35646165878061953,1,0,-0.23546923239667172,2,0,0.0,1.0
0,3,1,-0.027787557825836348,1,0,-0.5169160497385812,2,0,0.0,1.0
0,3,1,-0.5657364610748746,0,0,-0.5073356196001707,1,1,0.0,1.0
1,3,0,-2.1027333275006983,0,1,-0.4111944904617264,2,0,0.0,1.0
0,3,1,-1.56478442425166,5,2,0.2869163267292871,8,0,0.0,1.0
0,2,1,-0.10463740114712752,0,0,-0.37161218699513593,1,1,0.0,1.0
0,3,1,1.5860591519212783,0,0,-0.49666201195965115,1,1,0.0,1.0
1,3,0,2.585107115098064,0,0,-0.4656516723011121,1,1,0.0,1.0
1,1,1,-0.33518693111100106,1,0,1.1779810407732083,2,0,0.0,0.0
0,3,0,-0.10463740114712752,3,1,-0.1453789012403814,5,0,0.0,1.0
1,1,0,0.4333115021019107,1,0,1.1562143034987398,2,0,0.0,1.0
0,1,1,2.200857898491608,0,0,-0.0599960909142068,1,1,0.0,0.0
0,3,1,0.04906228549545483,0,0,-0.49666201195965115,1,1,0.0,1.0
1,3,1,-1.56478442425166,1,1,-0.33833279809328914,3,0,0.0,1.0
0,3,1,-0.10463740114712752,1,0,-0.2563101975798707,2,0,0.0,1.0
0,3,1,-0.6425863043961658,0,0,-0.512797473245395,1,1,0.0,1.0
0,1,1,1.9703083685277343,0,0,-0.043860629628462884,1,1,0.0,1.0
0,1,1,3.1999058616683933,0,0,0.3394412870797049,1,1,0.0,0.0
0,3,1,-0.6425863043961658,0,0,-0.49666201195965115,1,1,0.0,1.0
0,3,1,-0.10463740114712752,0,0,-0.3674109162628603,1,1,0.0,0.0
1,1,0,1.893458525206443,1,0,0.9195615436187162,2,0,0.0,0.0
0,3,1,-0.10463740114712752,0,0,-0.354468259379033,1,1,0.0,1.0
0,1,0,-0.33518693111100106,1,2,2.3976363561706617,4,0,0.0,1.0
0,3,1,-0.41203677443229225,0,0,-0.5017890547831962,1,1,0.0,1.0
0,3,1,-0.9499856776813305,0,0,-0.48430829941275344,1,1,0.0,1.0
0,3,0,-0.6425863043961658,0,0,-0.5027128099418051,1,1,1.0,0.0
0,3,0,-0.10463740114712752,0,0,-0.5051492645959524,1,1,1.0,0.0
0,3,0,0.5870111887444931,0,0,-0.4656516723011121,1,1,0.0,1.0
1,1,0,-1.0268355210026217,0,0,1.0856216603736104,1,1,0.0,1.0
0,1,1,-0.8731358343600393,1,0,1.5374145763744398,2,0,0.0,0.0
1,2,0,0.27961181545932834,0,2,-0.13462259936077234,3,0,0.0,1.0
1,1,1,-0.10463740114712752,0,0,-0.1235294697268234,1,1,0.0,1.0
0,3,1,-0.10463740114712752,0,0,-0.20471100932072245,1,1,0.0,1.0
1,3,1,-0.2583370877897099,0,0,0.48045715098646385,1,1,0.0,1.0
1,3,1,-0.027787557825836348,0,0,-0.5027128099418051,1,1,1.0,0.0
0,3,1,-0.10463740114712752,0,0,-0.49666201195965115,1,1,0.0,1.0
1,1,1,0.5101613454232019,0,0,-0.1288239179612081,1,1,0.0,1.0
1,1,0,1.893458525206443,1,0,0.5390329093190356,2,0,0.0,0.0
0,3,1,-0.41203677443229225,0,0,-0.5078398527653503,1,1,0.0,1.0
0,1,1,1.3555096219574048,0,0,0.027151535490096055,1,1,0.0,1.0
1,2,0,0.35646165878061953,0,0,-0.4472471617720605,1,1,0.0,1.0
0,3,1,-0.10463740114712752,0,0,-0.17193585358405514,1,1,1.0,0.0
1,2,0,0.5101613454232019,1,0,-0.13462259936077234,2,0,0.0,1.0
0,3,1,0.20276197213803718,0,0,-0.4997721221224783,1,1,0.0,1.0
1,1,0,0.04906228549545483,0,0,1.2268069466238694,1,1,0.0,1.0
0,3,1,-0.5657364610748746,0,0,-0.4997721221224783,1,1,0.0,1.0
0,3,1,-0.10463740114712752,0,0,-0.5133017064105745,1,1,0.0,0.0
1,1,0,1.1249600919935314,0,1,0.5103763300755544,2,0,0.0,0.0
0,3,1,-0.10463740114712752,0,0,-0.5132169952388245,1,1,0.0,0.0
0,3,1,0.8559856403690123,0,0,-0.5027128099418051,1,1,1.0,0.0
1,2,0,1.5860591519212783,0,0,-0.4472471617720605,1,1,0.0,1.0
0,1,1,-0.10463740114712752,0,0,3.8141120283316186,1,1,0.0,1.0
0,3,1,0.7407108753870755,0,0,-0.4991831777855486,1,1,0.0,1.0
0,2,1,-0.48888661775358344,2,1,-0.42707783516488057,4,0,0.0,1.0
1,2,0,-2.1027333275006983,1,1,-0.13462259936077234,3,0,0.0,1.0
0,3,1,-0.10463740114712752,0,0,-0.5132169952388245,1,1,0.0,0.0
0,3,1,-0.9499856776813305,1,1,-0.5132169952388245,3,0,0.0,0.0
1,3,0,-0.10463740114712752,0,2,-0.2080732360661393,3,0,0.0,0.0
0,3,0,0.04906228549545483,0,0,-0.48430829941275344,1,1,0.0,1.0
1,2,0,-1.7184841108942424,0,2,-0.12958026770897738,3,0,0.0,1.0
0,1,1,1.2018099353148226,0,0,-0.1235294697268234,1,1,0.0,1.0
1,1,0,0.04906228549545483,0,0,1.4874954930216693,1,1,0.0,0.0
0,3,1,-0.10463740114712752,0,0,-0.36656985534334097,1,1,0.0,1.0
1,1,0,-0.5657364610748746,0,2,0.3393565759079548,3,0,0.0,0.0
1,1,0,0.5101613454232019,0,2,0.7729970979623222,3,0,0.0,1.0
0,3,0,-1.56478442425166,4,2,-0.02822940150789851,7,0,0.0,1.0
0,3,0,-1.4110847376090776,4,2,-0.02822940150789851,7,0,0.0,1.0
1,2,1,0.20276197213803718,1,0,-0.13462259936077234,2,0,0.0,1.0
0,1,1,1.5860591519212783,1,0,1.4874954930216693,2,0,0.0,0.0
0,1,1,2.661956958419355,0,0,-0.13462259936077234,1,1,0.0,1.0
1,2,0,-0.7962859910387481,1,0,-0.13462259936077234,2,0,0.0,1.0
1,2,1,-0.10463740114712752,0,0,-0.3794278010554181,1,1,0.0,0.0
0,3,1,0.27961181545932834,1,1,-0.2450496625350822,3,0,0.0,1.0
1,2,1,-1.6416342675729512,1,1,0.08219766166641136,3,0,0.0,1.0
1,1,1,-0.9499856776813305,0,2,1.5774164018344594,3,0,0.0,0.0
0,2,1,-0.1814872444684187,0,0,-0.13462259936077234,1,1,0.0,1.0
0,3,1,-0.10463740114712752,0,0,-0.5011153992745164,1,1,1.0,0.0
1,3,1,-0.5657364610748746,0,0,-0.5133017064105745,1,1,0.0,0.0
1,3,0,-0.5657364610748746,0,0,-0.5022085767766257,1,1,0.0,1.0
0,1,1,2.5082572717767726,0,0,-0.1235294697268234,1,1,0.0,1.0
1,1,0,1.432359465278696,1,0,0.13968024249687402,2,0,0.0,0.0
0,1,1,-0.10463740114712752,0,0,3.930000945151153,1,1,0.0,0.0
1,1,0,0.7407108753870755,1,1,0.9474617731144283,3,0,0.0,1.0
1,3,0,0.5101613454232019,1,0,-0.3080788081825193,2,0,0.0,1.0
0,3,1,-0.10463740114712752,0,0,-0.5027128099418051,1,1,1.0,0.0
0,3,1,0.8175607187083667,0,0,-0.4997721221224783,1,1,0.0,1.0
0,2,1,-0.10463740114712752,0,0,-0.3867391819505208,1,1,0.0,1.0
0,3,1,-0.10463740114712752,0,0,-0.49666201195965115,1,1,0.0,1.0
0,3,0,-0.10463740114712752,0,0,-0.49666201195965115,1,1,0.0,1.0
0,3,1,-0.41203677443229225,2,0,-0.17193585358405514,3,0,0.0,1.0
0,3,1,-0.7962859910387481,0,0,-0.4997721221224783,1,1,0.0,1.0
0,3,0,-0.027787557825836348,0,4,-0.23395653290113325,5,0,0.0,1.0
0,3,1,-0.10463740114712752,0,0,-0.5132169952388245,1,1,0.0,0.0
1,3,1,0.20276197213803718,0,0,-0.500611166109337,1,1,0.0,1.0
1,2,1,2.5082572717767726,0,0,-0.4472471617720605,1,1,0.0,1.0
1,1,0,1.816608681885152,2,0,0.3792757071288852,3,0,0.0,1.0
1,1,1,0.5101613454232019,0,0,-0.12680698530049014,1,1,0.0,1.0
1,3,0,-0.10463740114712752,0,0,-0.5027128099418051,1,1,1.0,0.0
0,3,1,-1.0268355210026217,0,0,-0.49666201195965115,1,1,0.0,1.0
0,3,1,-0.7962859910387481,0,0,-0.36656985534334097,1,1,0.0,1.0
1,2,0,0.35646165878061953,0,0,-0.39682384525411074,1,1,0.0,1.0
1,1,0,0.7407108753870755,1,0,0.468440266193906,2,0,0.0,1.0
0,3,0,-0.10463740114712752,1,0,-0.3674109162628603,2,0,0.0,0.0
1,3,1,0.20276197213803718,0,0,-0.4991831777855486,1,1,0.0,1.0
1,2,0,-0.33518693111100106,1,1,-0.05394529293205282,3,0,0.0,1.0
1,1,0,0.7407108753870755,1,1,1.5774164018344594,3,0,0.0,0.0
0,2,1,1.893458525206443,0,0,-0.13462259936077234,1,1,0.0,1.0
0,1,1,0.5101613454232019,0,0,0.15026913896564345,1,1,0.0,0.0
0,3,1,-0.10463740114712752,0,0,-0.4832998330823945,1,1,0.0,0.0
1,1,0,-0.8731358343600393,0,2,0.9474617731144283,3,0,0.0,1.0
0,2,1,1.3555096219574048,0,0,-0.356485192039751,1,1,0.0,1.0
1,1,1,2.3545575851341902,1,1,0.9383855761411972,3,0,0.0,0.0
0,3,1,-0.5657364610748746,0,0,-0.49666201195965115,1,1,0.0,1.0
0,3,1,-0.10463740114712752,0,0,-0.49666201195965115,1,1,0.0,1.0
0,3,1,0.4333115021019107,0,0,-0.5153186390712925,1,1,0.0,1.0
1,1,0,1.7397588385638607,1,0,0.9195615436187162,2,0,0.0,0.0
0,3,1,1.3555096219574048,0,0,-0.512797473245395,1,1,0.0,1.0
0,3,0,-0.10463740114712752,0,2,-0.5027128099418051,3,0,1.0,0.0
0,2,1,0.5870111887444931,1,0,-0.13462259936077234,2,0,0.0,1.0
0,3,1,0.5101613454232019,1,1,-0.17193585358405514,3,0,0.0,1.0
1,2,0,-0.10463740114712752,0,0,0.006562686889486811,1,1,0.0,1.0
0,3,1,1.5092093085999871,0,0,-0.49666201195965115,1,1,0.0,1.0
0,3,1,-0.10463740114712752,0,0,-0.5133017064105745,1,1,0.0,0.0
1,1,1,1.5092093085999871,1,0,0.4891985371380156,2,0,0.0,0.0
1,2,0,-0.41203677443229225,2,1,-0.11445327275359246,4,0,0.0,1.0
0,3,1,-0.10463740114712752,0,0,-0.4997721221224783,1,1,0.0,1.0
0,1,1,-0.10463740114712752,0,0,0.19615435699697764,1,1,0.0,1.0
0,3,1,1.1249600919935314,0,0,-0.49666201195965115,1,1,0.0,1.0
1,1,1,0.4333115021019107,0,0,-0.1235294697268234,1,1,0.0,0.0
0,3,1,0.5101613454232019,1,0,-0.34539206240580206,2,0,0.0,1.0
0,3,1,0.04906228549545483,0,0,-0.4997721221224783,1,1,0.0,1.0
1,1,1,-0.1814872444684187,0,0,-0.043860629628462884,1,1,0.0,1.0
1,2,0,-0.5657364610748746,1,2,0.17959937371780443,4,0,0.0,0.0
1,1,0,0.8175607187083667,0,0,2.436210193306893,1,1,0.0,1.0
0,3,0,0.7407108753870755,1,5,-0.02822940150789851,7,0,0.0,1.0
0,3,1,-0.10463740114712752,0,0,-0.5168313385668311,1,1,0.0,1.0
1,3,0,-0.10463740114712752,1,0,-0.34640052873616106,2,0,1.0,0.0
0,3,1,-0.10463740114712752,0,0,-0.5027128099418051,1,1,1.0,0.0
0,3,1,0.4333115021019107,0,0,-0.49666201195965115,1,1,0.0,1.0
1,2,0,-0.41203677443229225,1,2,0.6519811383192429,4,0,0.0,1.0
0,3,1,0.35646165878061953,1,1,-0.368586788004059,3,0,0.0,1.0
0,3,0,-0.2583370877897099,1,0,-0.33429893277185313,2,0,0.0,1.0
1,2,0,-1.949033640858116,2,1,0.1275786465325661,4,0,0.0,1.0
0,2,1,-0.2583370877897099,0,0,-0.4472471617720605,1,1,0.0,1.0
0,3,1,-0.1814872444684187,1,0,-0.3674936105019498,2,0,0.0,0.0
1,1,1,0.9712604053509489,1,0,0.4009577332316036,2,0,0.0,1.0
1,3,1,-0.719436147717457,1,1,-0.34152560249520564,3,0,0.0,0.0
0,3,1,-0.6425863043961658,0,0,-0.500611166109337,1,1,0.0,1.0
0,3,1,-0.6425863043961658,0,0,-0.33429893277185313,1,1,0.0,1.0
0,1,1,2.4314074284554814,0,0,-0.007136319742109794,1,1,0.0,1.0
0,2,1,2.1240080551703167,0,0,-0.4099339075487777,1,1,1.0,0.0
1,1,0,-0.6425863043961658,0,0,0.9133413232930618,1,1,0.0,1.0
0,3,1,-0.2583370877897099,0,0,-0.4997721221224783,1,1,0.0,1.0
0,3,1,-0.10463740114712752,0,0,-0.5030496376961451,1,1,1.0,0.0
1,1,1,3.8915544515600136,0,0,-0.05394529293205282,1,1,0.0,1.0
0,3,1,1.6629089952425695,0,0,-0.5167466273950808,1,1,0.0,1.0
1,1,1,0.20276197213803718,0,0,-0.043860629628462884,1,1,0.0,0.0
0,1,1,-0.10463740114712752,0,0,0.5569331866829076,1,1,0.0,1.0
0,3,0,-1.56478442425166,3,2,-0.09630087880713059,6,0,0.0,1.0
1,2,0,-0.10463740114712752,0,0,-0.39682384525411074,1,1,0.0,1.0
0,3,1,0.20276197213803718,0,0,-0.4991831777855486,1,1,0.0,1.0
0,2,1,0.12591212881674602,1,1,-0.12958026770897738,3,0,0.0,1.0
0,3,0,0.8944105620296577,0,5,0.14144505857500225,6,0,0.0,1.0
0,3,1,-0.10463740114712752,1,0,-0.33429893277185313,2,0,0.0,1.0
0,3,1,-0.719436147717457,0,0,-0.500611166109337,1,1,0.0,1.0
1,1,0,-0.41203677443229225,0,0,0.7387092427301163,1,1,0.0,0.0
0,3,0,-2.1027333275006983,3,2,-0.09630087880713059,6,0,0.0,1.0
1,3,1,-0.10463740114712752,0,0,0.48045715098646385,1,1,0.0,1.0
1,3,0,-2.1987956316523123,2,1,-0.270598148548397,4,0,0.0,0.0
1,1,1,1.432359465278696,1,0,0.8885512039601773,2,0,0.0,0.0
0,3,1,-0.7962859910387481,0,0,-0.4997721221224783,1,1,0.0,1.0
1,1,1,2.0471582118490255,0,0,0.05698600340743651,1,1,0.0,0.0
0,3,1,-0.10463740114712752,0,0,-0.5067466752632411,1,1,0.0,1.0
1,3,0,-0.48888661775358344,0,0,-0.5067466752632411,1,1,0.0,1.0
0,3,1,-0.10463740114712752,0,0,-0.4997721221224783,1,1,0.0,1.0
1,2,0,-0.8731358343600393,0,1,-0.19513057918231197,2,0,0.0,1.0
0,3,1,-0.6425863043961658,0,0,-0.48893110907111914,1,1,0.0,1.0
1,3,0,-0.10463740114712752,0,0,-0.5011153992745164,1,1,1.0,0.0
0,3,0,-0.8731358343600393,0,0,-0.522882136548985,1,1,1.0,0.0
0,2,1,-0.41203677443229225,2,0,0.8234204144802719,3,0,0.0,1.0
0,3,1,-0.10463740114712752,0,0,-0.4997721221224783,1,1,0.0,1.0
0,3,0,0.20276197213803718,1,1,-0.34640052873616106,3,0,1.0,0.0
0,2,1,-0.48888661775358344,0,0,-0.39682384525411074,1,1,0.0,1.0
0,1,1,2.200857898491608,0,2,1.6256553802808518,3,0,0.0,0.0
1,1,1,1.5860591519212783,2,0,2.036605409902142,3,0,0.0,1.0
0,3,1,0.8175607187083667,0,0,-0.5133017064105745,1,1,0.0,0.0
0,1,1,1.3555096219574048,0,0,-0.14294244658623406,1,1,0.0,1.0
0,3,1,0.5101613454232019,0,0,-0.5078398527653503,1,1,0.0,1.0
1,3,1,-0.719436147717457,1,0,-0.4991831777855486,2,0,0.0,1.0
0,2,1,0.20276197213803718,2,0,0.8234204144802719,3,0,0.0,1.0
0,2,1,-0.33518693111100106,0,0,-0.39682384525411074,1,1,0.0,1.0
0,3,1,-0.10463740114712752,0,0,-0.5022085767766257,1,1,0.0,1.0
0,3,1,1.0481102486722402,0,0,-0.49666201195965115,1,1,0.0,1.0
1,1,0,-0.10463740114712752,1,0,0.3897798924259045,2,0,0.0,1.0
1,2,0,0.8175607187083667,1,1,0.1275786465325661,3,0,0.0,1.0
0,1,1,0.12591212881674602,1,0,0.3897798924259045,2,0,0.0,1.0
0,2,1,3.123056018347102,0,0,-0.4472471617720605,1,1,0.0,1.0
1,2,1,0.12591212881674602,0,0,-0.39682384525411074,1,1,0.0,1.0
0,2,1,-0.10463740114712752,0,0,-0.37161218699513593,1,1,0.0,1.0
0,3,1,-0.8731358343600393,0,0,-0.5022085767766257,1,1,0.0,1.0
0,3,1,-0.37361185277164666,0,0,-0.49666201195965115,1,1,0.0,1.0
1,3,0,-0.8731358343600393,0,0,-0.460524629477567,1,1,0.0,1.0
0,3,0,1.0481102486722402,1,6,0.2869163267292871,8,0,0.0,1.0
1,1,1,0.5101613454232019,0,1,9.674309874047733,2,0,0.0,0.0
0,3,0,-0.10463740114712752,0,0,-0.4948971958815229,1,1,1.0,0.0
1,1,1,-0.1814872444684187,0,0,0.8885512039601773,1,1,0.0,0.0
0,3,1,-0.719436147717457,0,0,-0.4729630531962148,1,1,0.0,1.0
0,3,1,-1.180535207645204,5,2,0.2869163267292871,8,0,0.0,1.0
0,2,1,2.3545575851341902,1,1,0.1275786465325661,3,0,0.0,1.0
0,2,1,-0.33518693111100106,1,2,0.17959937371780443,4,0,0.0,0.0
0,3,1,-1.180535207645204,4,1,0.14144505857500225,6,0,0.0,1.0
0,3,1,-0.7962859910387481,0,0,-0.45388690409114407,1,1,0.0,1.0
0,3,1,-0.8731358343600393,0,0,-0.5017890547831962,1,1,0.0,1.0
1,1,0,-1.1036853643239128,0,1,3.6035099706974285,2,0,0.0,1.0
1,1,1,0.12591212881674602,1,0,0.4906265254618039,2,0,0.0,1.0
1,3,0,-1.949033640858116,0,1,-0.3884192868568989,2,0,0.0,0.0
1,3,1,-0.10463740114712752,0,0,0.48045715098646385,1,1,0.0,1.0
0,3,1,-0.33518693111100106,0,0,-0.5133017064105745,1,1,0.0,0.0
0,1,1,2.3545575851341902,0,0,-0.1235294697268234,1,1,0.0,1.0
0,2,1,1.7397588385638607,0,0,-0.3867391819505208,1,1,0.0,1.0
0,3,1,1.1249600919935314,0,0,-0.49666201195965115,1,1,0.0,1.0
1,3,0,-0.10463740114712752,0,0,-0.5030496376961451,1,1,1.0,0.0
0,1,1,1.5092093085999871,1,1,1.5774164018344594,3,0,0.0,0.0
0,3,1,0.9712604053509489,0,0,-0.5047297426025231,1,1,0.0,1.0
1,1,0,-0.8731358343600393,1,0,3.930000945151153,2,0,0.0,0.0
1,1,1,0.4333115021019107,0,0,-0.1288239179612081,1,1,0.0,1.0
0,3,0,-0.8731358343600393,0,1,-0.3674936105019498,2,0,0.0,0.0
0,3,1,-0.33518693111100106,0,0,-0.5028802153526447,1,1,1.0,0.0
0,3,1,-0.2583370877897099,1,0,-0.500611166109337,2,0,0.0,1.0
0,2,1,0.7407108753870755,0,0,-0.13462259936077234,1,1,0.0,1.0
1,2,0,1.2018099353148226,0,0,-0.3867391819505208,1,1,0.0,1.0
1,1,1,0.9712604053509489,0,0,-0.1288239179612081,1,1,0.0,1.0
1,1,0,-0.5657364610748746,0,0,2.3976363561706617,1,1,0.0,1.0
1,3,1,-0.10463740114712752,1,1,-0.3515275715597062,3,0,0.0,0.0
1,1,0,-0.41203677443229225,0,0,0.3394412870797049,1,1,0.0,0.0
0,1,1,-0.10463740114712752,0,0,-0.1235294697268234,1,1,0.0,1.0
1,1,1,1.432359465278696,1,0,0.3897798924259045,2,0,0.0,1.0
0,3,1,-0.027787557825836348,0,0,-0.46775331613358023,1,1,0.0,1.0
0,2,1,1.7397588385638607,0,0,-0.39682384525411074,1,1,0.0,1.0
0,3,1,-0.7962859910387481,0,0,-0.5047297426025231,1,1,0.0,1.0
1,1,0,0.6638610320657843,0,0,3.930000945151153,1,1,0.0,0.0
1,2,0,-0.1814872444684187,0,0,-0.4472471617720605,1,1,0.0,1.0
0,3,1,-0.10463740114712752,0,0,-0.34640052873616106,1,1,1.0,0.0
0,3,1,0.27961181545932834,0,0,-0.5022085767766257,1,1,0.0,1.0
1,2,0,-1.7953339542155335,0,1,0.006562686889486811,2,0,0.0,1.0
0,3,1,-0.9499856776813305,1,0,-0.5167466273950808,2,0,0.0,1.0
0,2,1,0.35646165878061953,0,0,-0.39682384525411074,1,1,0.0,1.0
0,2,1,1.5860591519212783,0,0,-0.39682384525411074,1,1,0.0,1.0
1,1,1,-0.1814872444684187,1,0,0.4119661516938024,2,0,0.0,1.0
0,3,1,-0.719436147717457,0,0,-0.48430829941275344,1,1,0.0,1.0
1,2,0,0.04906228549545483,3,0,-0.23546923239667172,4,0,0.0,1.0
1,3,0,-0.10463740114712752,0,0,-0.5029649265243948,1,1,1.0,0.0
0,2,1,-0.33518693111100106,1,0,-0.13462259936077234,2,0,0.0,1.0
0,3,0,-0.33518693111100106,1,0,-0.4991831777855486,2,0,0.0,1.0
1,1,0,-0.027787557825836348,0,0,3.6035099706974285,1,1,0.0,1.0
0,3,1,-1.4110847376090776,0,0,-0.28009386751505716,1,1,0.0,0.0
0,2,1,-0.10463740114712752,0,0,-0.37161218699513593,1,1,0.0,1.0
0,2,1,-0.48888661775358344,0,0,-0.39682384525411074,1,1,0.0,1.0
0,2,1,-0.48888661775358344,0,0,-0.39682384525411074,1,1,0.0,1.0
0,3,1,-0.06621247948648194,0,0,-0.33429893277185313,1,1,0.0,1.0
0,3,0,1.432359465278696,1,3,0.03429551097435914,5,0,0.0,1.0
1,1,1,0.4333115021019107,0,0,9.674309874047733,1,1,0.0,0.0
0,3,1,-0.10463740114712752,0,0,-0.4997721221224783,1,1,0.0,1.0
0,3,1,-0.10463740114712752,0,0,-0.4997721221224783,1,1,0.0,1.0
1,1,1,-0.10463740114712752,0,0,-0.05394529293205282,1,1,0.0,1.0
0,1,1,0.5101613454232019,1,0,0.9313263118286841,2,0,0.0,1.0
1,1,0,-0.6425863043961658,2,2,4.632901977411372,5,0,0.0,0.0
0,3,1,-0.41203677443229225,1,0,-0.33429893277185313,2,0,0.0,1.0
1,3,1,0.12591212881674602,0,0,-0.4991831777855486,1,1,0.0,1.0
0,1,1,3.123056018347102,1,1,0.7729970979623222,3,0,0.0,1.0
0,3,1,-1.0268355210026217,1,1,-0.25059622735205667,3,0,0.0,1.0
1,2,0,0.04906228549545483,0,0,-0.39682384525411074,1,1,0.0,1.0
0,1,1,-0.7962859910387481,1,0,0.4119661516938024,2,0,0.0,1.0
0,3,1,0.12591212881674602,0,0,-0.5027128099418051,1,1,1.0,0.0
1,2,0,-1.949033640858116,1,1,-0.19513057918231197,3,0,0.0,1.0
1,3,1,-1.7953339542155335,0,1,-0.40741274172288017,2,0,0.0,1.0
0,3,1,0.27961181545932834,0,0,-0.4674164883792403,1,1,0.0,1.0
0,3,1,-0.48888661775358344,0,0,-0.4997721221224783,1,1,0.0,1.0
1,2,0,1.432359465278696,1,2,0.6519811383192429,4,0,0.0,1.0
1,2,1,-2.204943619118015,1,1,-0.36656985534334097,3,0,0.0,1.0
0,3,1,-0.10463740114712752,0,0,-0.5017890547831962,1,1,0.0,1.0
0,2,1,-0.8731358343600393,0,0,-0.42707783516488057,1,1,0.0,1.0
0,3,1,0.35646165878061953,0,0,-0.49666201195965115,1,1,0.0,1.0
1,1,0,0.27961181545932834,0,0,1.0856216603736104,1,1,0.0,1.0
0,3,1,-0.10463740114712752,0,0,-0.36656985534334097,1,1,0.0,1.0
0,3,1,0.8944105620296577,0,0,-0.5153186390712925,1,1,0.0,1.0
1,3,1,-0.719436147717457,0,0,-0.5132169952388245,1,1,0.0,0.0
1,1,0,0.5101613454232019,1,2,1.7612941017141364,4,0,0.0,1.0
0,3,1,-1.0268355210026217,0,0,-0.5022085767766257,1,1,0.0,1.0
1,1,0,1.6629089952425695,1,0,0.9133413232930618,2,0,0.0,1.0
0,1,1,-0.10463740114712752,0,0,0.13968024249687402,1,1,0.0,0.0
0,3,0,0.08748720715610042,0,0,-0.5027128099418051,1,1,1.0,0.0
0,3,1,-0.10463740114712752,1,0,-0.17193585358405514,2,0,1.0,0.0
0,3,1,0.20276197213803718,0,0,-0.4903590973949074,1,1,0.0,1.0
0,3,1,-0.41203677443229225,0,0,-0.4674164883792403,1,1,0.0,1.0
0,3,1,1.432359465278696,0,0,-0.500611166109337,1,1,0.0,1.0
0,2,0,2.1240080551703167,0,0,-0.4472471617720605,1,1,0.0,1.0
0,3,1,-0.10463740114712752,0,0,-0.5133017064105745,1,1,0.0,0.0
1,2,0,1.893458525206443,1,3,-0.19513057918231197,5,0,0.0,1.0
0,3,1,-0.8731358343600393,0,0,-0.5027128099418051,1,1,0.0,1.0
0,3,1,-0.10463740114712752,0,0,-0.5027128099418051,1,1,1.0,0.0
1,3,0,-1.8721837975368247,0,0,-0.40741274172288017,1,1,0.0,1.0
0,3,1,-0.10463740114712752,0,0,-0.5029649265243948,1,1,1.0,0.0
1,1,0,1.0481102486722402,0,1,3.6035099706974285,2,0,0.0,1.0
1,3,0,-1.2573850509664952,0,0,-0.5132169952388245,1,1,0.0,0.0
1,1,0,-0.9499856776813305,1,0,0.4906265254618039,2,0,0.0,1.0
0,1,1,-0.027787557825836348,0,0,-0.05394529293205282,1,1,0.0,1.0
0,3,1,-0.10463740114712752,1,2,-0.18605438220908105,4,0,0.0,1.0
0,3,1,-0.33518693111100106,0,0,-0.5168313385668311,1,1,0.0,1.0
0,3,1,-0.33518693111100106,0,0,-0.512797473245395,1,1,0.0,1.0
1,3,0,-0.8731358343600393,0,0,-0.5078398527653503,1,1,0.0,1.0
0,3,1,-1.6416342675729512,4,1,-0.07159345371333521,6,0,1.0,0.0
1,3,1,-2.1795831708219895,1,2,-0.2440411962047232,4,0,0.0,1.0
0,1,1,1.2786597786361138,0,0,0.9383855761411972,1,1,0.0,0.0
0,3,1,-0.10463740114712752,0,0,-0.5027128099418051,1,1,1.0,0.0
0,2,1,-1.0268355210026217,0,0,-0.13462259936077234,1,1,0.0,1.0
0,3,0,-0.10463740114712752,8,2,0.7437515743819113,11,0,0.0,1.0
0,1,1,-0.10463740114712752,0,0,-0.039911475478777096,1,1,0.0,0.0
0,3,1,-0.33518693111100106,0,0,-0.4997721221224783,1,1,0.0,1.0
0,2,1,0.7407108753870755,0,0,-0.39682384525411074,1,1,0.0,1.0
1,1,0,1.5092093085999871,0,0,-0.13605058768456063,1,1,0.0,1.0
1,3,0,0.12591212881674602,0,0,-0.4838887774193242,1,1,0.0,1.0
0,3,1,0.04906228549545483,0,0,-0.5132169952388245,1,1,0.0,0.0
0,3,0,0.04906228549545483,1,1,-0.17193585358405514,3,0,0.0,1.0
0,2,1,0.35646165878061953,0,0,-0.39682384525411074,1,1,0.0,1.0
1,2,0,0.12591212881674602,1,1,-0.12958026770897738,3,0,0.0,1.0
1,1,1,-1.4110847376090776,1,2,1.7612941017141364,4,0,0.0,1.0
1,3,1,-2.224156079948338,0,1,-0.4872489872320803,2,0,0.0,0.0
1,3,1,-0.1814872444684187,0,0,-0.5183440380623695,1,1,0.0,1.0
0,3,1,0.12591212881674602,0,0,-0.5022085767766257,1,1,0.0,1.0
0,1,1,0.7407108753870755,0,0,0.5569331866829076,1,1,0.0,1.0
0,3,0,-0.8731358343600393,0,0,-0.5022085767766257,1,1,0.0,1.0
0,2,1,0.7407108753870755,0,0,-0.39682384525411074,1,1,0.0,1.0
1,1,0,0.27961181545932834,1,0,0.4119661516938024,2,0,0.0,1.0
0,3,1,-0.2583370877897099,0,0,-0.4999395275333179,1,1,0.0,1.0
0,3,1,0.7407108753870755,0,0,-0.17193585358405514,1,1,0.0,1.0
0,2,1,0.4333115021019107,0,0,-0.4472471617720605,1,1,0.0,1.0
0,3,0,-1.7953339542155335,4,2,-0.02822940150789851,7,0,0.0,1.0
0,3,1,0.08748720715610042,0,0,-0.49666201195965115,1,1,0.0,1.0
0,1,1,-0.10463740114712752,0,0,0.5569331866829076,1,1,0.0,1.0
0,3,0,-0.48888661775358344,0,0,-0.4991831777855486,1,1,0.0,1.0
0,2,1,0.12591212881674602,1,1,0.08732470448995643,3,0,0.0,0.0
0,3,1,1.0481102486722402,0,0,-0.528932934531139,1,1,0.0,1.0
0,3,1,-1.4879345809303688,3,2,-0.09630087880713059,6,0,0.0,1.0
1,1,0,1.7397588385638607,1,1,1.2268069466238694,3,0,0.0,1.0
1,3,1,-0.1814872444684187,0,0,-0.48430829941275344,1,1,0.0,1.0
0,1,1,0.6638610320657843,0,0,0.5569331866829076,1,1,0.0,1.0
1,3,0,-0.1814872444684187,0,1,-0.40741274172288017,2,0,0.0,1.0
0,3,1,-2.1027333275006983,4,1,0.14144505857500225,6,0,0.0,1.0
0,3,1,-0.10463740114712752,0,0,-0.5188482712275491,1,1,1.0,0.0
0,3,1,-0.10463740114712752,0,0,0.48045715098646385,1,1,0.0,1.0
1,2,1,-2.1795831708219895,0,2,0.08732470448995643,3,0,0.0,0.0
1,3,1,-0.10463740114712752,0,0,-0.5027128099418051,1,1,1.0,0.0
1,1,0,2.5082572717767726,0,0,0.954521037426941,1,1,0.0,1.0
1,3,0,-1.1036853643239128,1,0,-0.3674936105019498,2,0,0.0,0.0
1,2,1,-2.192647644186609,1,1,-0.28085021726282644,3,0,0.0,1.0
0,3,1,-0.10463740114712752,0,0,-0.5132169952388245,1,1,0.0,0.0
0,3,1,-0.48888661775358344,0,0,-0.500611166109337,1,1,0.0,1.0
0,3,1,-0.8731358343600393,0,0,-0.4916196803078562,1,1,0.0,1.0
1,1,0,0.7407108753870755,1,1,1.0182218216503973,3,0,0.0,0.0
0,3,1,-0.6425863043961658,0,0,-0.48430829941275344,1,1,0.0,1.0
0,3,1,-0.10463740114712752,0,0,-0.49666201195965115,1,1,0.0,1.0
1,3,1,0.20276197213803718,0,0,0.48045715098646385,1,1,0.0,1.0
1,1,1,-0.10463740114712752,0,0,-0.0599960909142068,1,1,0.0,0.0
0,3,1,-0.719436147717457,0,0,-0.4991831777855486,1,1,0.0,1.0
0,2,1,-1.0268355210026217,0,0,-0.4472471617720605,1,1,0.0,1.0
1,1,0,0.04906228549545483,0,0,-0.033775966324872946,1,1,0.0,0.0
0,3,1,0.3948865804412651,0,0,-0.5291850511137287,1,1,0.0,0.0
0,3,1,-0.9499856776813305,0,0,-0.48430829941275344,1,1,0.0,1.0
0,3,1,0.9712604053509489,0,0,-0.5067466752632411,1,1,0.0,1.0
0,3,1,-0.10463740114712752,8,2,0.7437515743819113,11,0,0.0,1.0
0,3,1,0.4333115021019107,0,0,-0.4997721221224783,1,1,0.0,0.0
0,2,1,-0.10463740114712752,0,1,0.006562686889486811,2,0,0.0,1.0
1,1,0,-0.10463740114712752,1,0,1.1381466207240283,2,0,0.0,0.0
0,3,1,-1.949033640858116,4,2,-0.02822940150789851,7,0,0.0,1.0
0,3,1,3.430455391632267,0,0,-0.5022085767766257,1,1,0.0,1.0
0,3,0,-1.56478442425166,1,1,-0.3515275715597062,3,0,0.0,0.0
1,1,0,-1.0268355210026217,0,1,0.135646377175438,2,0,0.0,1.0
0,2,0,1.1249600919935314,1,0,-0.13462259936077234,2,0,0.0,1.0
1,3,0,-0.8731358343600393,0,1,-0.4704418873703173,2,0,0.0,1.0
1,1,0,1.2018099353148226,1,1,2.666225227800494,3,0,0.0,1.0
1,1,1,1.6629089952425695,0,0,-0.1235294697268234,1,1,0.0,1.0
1,3,0,-0.41203677443229225,0,3,-0.270598148548397,4,0,0.0,0.0
0,3,1,-0.10463740114712752,0,0,-0.5132169952388245,1,1,0.0,0.0
0,3,1,0.8944105620296577,2,0,-0.3744701805753733,3,0,0.0,1.0
0,2,1,-0.6425863043961658,1,0,-0.42707783516488057,2,0,0.0,1.0
1,1,0,1.432359465278696,0,0,-0.13605058768456063,1,1,0.0,1.0
0,3,0,-0.10463740114712752,8,2,0.7437515743819113,11,0,0.0,1.0
0,2,1,-0.41203677443229225,0,0,-0.39682384525411074,1,1,0.0,1.0
1,2,0,0.9712604053509489,0,0,-0.39682384525411074,1,1,0.0,1.0
1,2,0,-0.1814872444684187,1,0,-0.37951251222716825,2,0,0.0,0.0
0,1,1,0.12591212881674602,0,0,0.3594411913433846,1,1,0.0,1.0
0,3,1,-0.10463740114712752,0,0,-0.4674164883792403,1,1,0.0,1.0
1,3,1,-1.949033640858116,1,1,-0.43447392723173345,3,0,0.0,1.0
0,3,1,-0.2583370877897099,0,0,-0.4997721221224783,1,1,0.0,1.0
1,1,0,1.3555096219574048,1,1,0.4009577332316036,3,0,0.0,1.0
0,1,1,0.27961181545932834,0,0,-0.5581784581115498,1,1,0.0,1.0
0,3,1,1.3555096219574048,0,0,-0.47750115168283025,1,1,0.0,1.0
1,2,0,-0.10463740114712752,1,0,-0.1749612525751321,2,0,0.0,0.0
1,3,0,-1.1036853643239128,0,0,-0.5133017064105745,1,1,0.0,0.0
0,3,1,-0.719436147717457,0,0,-0.46044193523847754,1,1,0.0,1.0
0,3,1,-0.7962859910387481,0,0,-0.4997721221224783,1,1,0.0,1.0
0,3,1,-0.10463740114712752,0,0,-0.4997721221224783,1,1,0.0,1.0
1,1,0,2.0471582118490255,0,1,1.0182218216503973,2,0,0.0,0.0
1,2,0,-0.33518693111100106,0,1,-0.13462259936077234,2,0,0.0,1.0
0,3,1,0.27961181545932834,0,0,-0.4997721221224783,1,1,0.0,1.0
0,3,0,-0.5657364610748746,0,0,-0.44691033401772057,1,1,0.0,1.0
0,2,1,-0.10463740114712752,0,0,-0.4472471617720605,1,1,0.0,1.0
0,3,1,-0.33518693111100106,0,0,-0.5168313385668311,1,1,0.0,1.0
0,3,0,0.7407108753870755,0,5,-0.07159345371333521,6,0,1.0,0.0
0,2,1,-0.1814872444684187,0,0,-0.39682384525411074,1,1,0.0,1.0
1,1,0,-0.7962859910387481,0,0,-0.05394529293205282,1,1,0.0,1.0
0,3,0,-0.10463740114712752,1,2,-0.18605438220908105,4,0,0.0,1.0
1,1,1,-0.2583370877897099,0,0,-0.05394529293205282,1,1,0.0,0.0
0,3,1,0.20276197213803718,0,0,-0.5027128099418051,1,1,1.0,0.0
